event_id,failed_auth,bytes_out,unique_dst,rare_port_hits,process_entropy,label
E0000,1,1774.8488503447777,6,0,2.7213850594483473,normal
E0001,0,3051.0038396232853,3,0,2.561524681997418,normal
E0002,0,5305.760369307164,5,0,2.7987097599604005,normal
E0003,0,5836.112400344505,4,0,2.761940310724637,normal
E0004,1,4876.018721128847,4,0,1.7428229953764531,normal
E0005,0,1810.859724076831,3,2,2.3896254482809534,normal
E0006,0,2144.3259331234353,1,0,2.0983943896843833,normal
E0007,0,3042.452925041837,4,0,2.8806319514538226,normal
E0008,0,2736.033761208463,7,0,2.823105140925615,normal
E0009,0,5415.342082466297,6,0,1.351422673360915,normal
E0010,0,3460.3204095954425,9,0,1.1208531270843076,normal
E0011,0,3749.2676252927895,2,0,1.9087865076640438,normal
E0012,1,3923.802155734623,2,0,2.6070446365735056,normal
E0013,0,3489.0946222479542,6,0,2.200753636178248,normal
E0014,1,4317.567086696658,4,0,2.5577397032403395,normal
E0015,0,4199.049335633852,6,0,2.3462867086828556,normal
E0016,2,3047.352580625338,3,1,1.7701968671045123,normal
E0017,0,3440.395914918418,9,0,2.4064001765601617,normal
E0018,28,450702.4639164191,127,10,5.274765373026936,anomaly
E0019,22,94668.60409846147,143,16,5.576662435726588,anomaly
E0020,0,4591.631657311844,5,0,2.6173083709033094,normal
E0021,0,2192.2787501159205,11,0,2.0332887571085827,normal
E0022,0,3244.827325465865,8,1,1.7596113087430456,normal
E0023,0,1394.6461950428466,6,0,2.5981479545746398,normal
E0024,0,3650.249445211541,8,0,2.1029925129906357,normal
E0025,25,404815.3678796809,134,6,5.419368803818397,anomaly
E0026,1,2412.8023714563965,11,0,2.67975228712346,normal
E0027,2,3501.0121618314633,1,1,1.265432292407161,normal
E0028,0,7371.215670442032,8,0,2.2508463251534403,normal
E0029,0,2772.5724920949515,10,0,2.6808024254413114,normal
E0030,28,557784.3482724058,43,18,5.185958119701736,anomaly
E0031,0,1804.5690866273555,2,0,1.9076497008795286,normal
E0032,0,4371.404899848948,2,0,1.9727961246578452,normal
E0033,1,3604.9975977881113,8,0,1.9464000372310764,normal
E0034,0,4732.055353041859,9,0,2.0226878994920936,normal
E0035,1,1942.8345541001815,10,0,1.1122070650453495,normal
E0036,0,1484.9901464081497,5,0,2.5715655166589464,normal
E0037,1,2354.229695044446,8,0,1.9625992023862142,normal
E0038,1,1529.9305526379412,7,0,1.9372771410773992,normal
E0039,2,3104.1588600932755,5,0,2.3540639285447567,normal
E0040,27,404419.72535417916,191,26,5.724096755093343,anomaly
E0041,0,2872.92603076235,2,0,1.0607568401885723,normal
E0042,18,446094.46971683035,188,16,4.824096550964081,anomaly
E0043,1,5159.403084510902,9,0,1.670743027719317,normal
E0044,1,3772.1364104715885,4,0,2.3528640309677007,normal
E0045,1,4244.435629867524,11,0,1.0984805648279177,normal
E0046,0,2650.6840846739465,4,0,2.2359883147750894,normal
E0047,19,251253.90981514647,63,25,5.851699754140203,anomaly
E0048,0,2286.4594376403775,11,0,2.94687477625547,normal
E0049,1,3708.583435921899,5,0,1.4537120170600988,normal
E0050,0,3041.9666333991668,6,0,2.102866719893095,normal
E0051,10,479451.9023845223,157,12,5.848546827036678,anomaly
E0052,0,2790.2719050682995,5,0,1.603072602655364,normal
E0053,10,357342.25723791664,43,22,4.408340071242421,anomaly
E0054,0,5364.574196993675,1,0,1.6300770344179591,normal
E0055,1,3159.6625410558,10,0,2.436748767333473,normal
E0056,0,2731.1385904271,9,0,1.998512211042256,normal
E0057,0,6521.017761737025,10,0,1.6428747315696073,normal
E0058,0,2545.6479665592856,8,1,2.660258082501517,normal
E0059,1,2264.6388821087326,11,1,2.012848109991345,normal
E0060,2,1909.5010631342614,2,0,2.8463170261948747,normal
E0061,0,2718.7078931878386,10,0,2.7247642110342003,normal
E0062,1,2633.472145221082,4,0,2.550223156665912,normal
E0063,0,3436.0380145190034,5,0,2.0712076139920894,normal
E0064,0,2659.3138978497777,11,0,1.582218615115936,normal
E0065,38,383597.9654266279,111,29,4.236688805582262,anomaly
E0066,1,2510.9154467664584,10,0,1.497770639423597,normal
E0067,0,3469.3916562095933,10,0,2.6062864163837016,normal
E0068,0,3615.0222080278827,10,0,2.3137031406917363,normal
E0069,0,1861.7226267442688,5,0,2.58830923307167,normal
E0070,0,1819.6180670232652,6,0,2.2948362718557194,normal
E0071,0,4304.964593291972,1,0,2.167166773136107,normal
E0072,0,2193.87775242245,9,0,1.45552874739716,normal
E0073,0,3054.4888911131425,6,0,2.0123395890393017,normal
E0074,1,5166.890769044733,3,0,2.2624001377148506,normal
E0075,0,3687.058617308639,8,0,2.4929588353598486,normal
E0076,0,11001.351141304947,2,0,2.765725430998831,normal
E0077,0,2533.9459883964732,10,0,2.5672017486094503,normal
E0078,13,252755.71193592876,98,15,4.577909529028626,anomaly
E0079,1,3730.745559016469,8,0,2.9172597104519227,normal
E0080,0,2688.3538838811596,11,0,1.5394883162625048,normal
E0081,0,2972.3748381691976,11,1,2.394879185901443,normal
E0082,0,892.0969377466699,8,1,1.5063972190831747,normal
E0083,2,5420.584414969288,1,0,2.796140802994759,normal
E0084,0,2239.3776032297706,5,0,2.1529200174358234,normal
E0085,0,2168.808377675839,2,0,1.2454467936736024,normal
E0086,0,3256.1691838550637,7,0,2.285174614490557,normal
E0087,1,2922.772184570756,8,0,1.7293000119626605,normal
E0088,0,5338.824566957754,6,0,2.958064108235492,normal
E0089,1,3872.2984085227904,2,0,2.4987597440604365,normal
E0090,32,495751.5972414696,141,6,5.068445956021547,anomaly
E0091,1,1614.0793282962247,2,0,1.1766354307722704,normal
E0092,0,2580.41756928062,1,0,2.6952730755308605,normal
E0093,0,2886.566209058039,5,0,2.282617835349511,normal
E0094,0,2769.9828283970637,9,0,2.0615650254498163,normal
E0095,0,3727.325626024349,6,0,1.69599059576444,normal
E0096,0,8159.7835800213925,5,0,2.238886758929826,normal
E0097,1,5779.851523660807,11,1,2.677695612373863,normal
E0098,0,2876.8288979471386,10,0,2.093151103131061,normal
E0099,0,2379.754780434726,5,0,1.3815214484278386,normal
E0100,38,202892.6961538179,146,16,4.105539648660447,anomaly
E0101,0,2838.4093256181905,3,0,1.0612875403102981,normal
E0102,1,3467.217476584661,7,0,1.4012755581941942,normal
E0103,0,4348.301410844553,4,0,2.004252680802539,normal
E0104,0,6000.578757208459,8,0,2.9866694611998517,normal
E0105,0,4217.388315942849,7,0,1.2005740076655864,normal
E0106,0,3747.0715810380375,6,1,2.1980822894312126,normal
E0107,26,266961.14058639505,51,12,4.738839622438993,anomaly
E0108,0,2132.3763187210643,11,0,2.655581049090337,normal
E0109,0,2674.449155674762,7,1,1.1074067954232476,normal
E0110,0,4592.48767098211,8,0,2.6737329155456453,normal
E0111,25,143119.1634362822,103,24,4.313723263618466,anomaly
E0112,0,3987.4551587376664,6,0,2.9284811579821226,normal
E0113,2,4139.0239329242895,5,0,1.3680811519814318,normal
E0114,1,2424.8740434726838,2,0,1.816083543046617,normal
E0115,0,1748.5177294575328,6,1,2.68605834580754,normal
E0116,24,196407.80153528845,42,11,5.5469289496219325,anomaly
E0117,0,2441.5674479992936,7,0,2.8481264702052247,normal
E0118,14,279461.0109382385,121,10,4.612976562004681,anomaly
E0119,0,3991.976986748541,2,0,2.117036014237743,normal
E0120,11,312280.78942924115,59,23,4.084606701005874,anomaly
E0121,0,5047.1677700668815,9,0,2.8347281114323044,normal
E0122,0,2043.9306111980536,7,0,2.776225175307533,normal
E0123,0,6445.807837338629,1,0,2.101552793527736,normal
E0124,1,4410.460086242265,8,0,2.015093904439847,normal
E0125,0,1843.1355373424717,2,0,1.3976591066523254,normal
E0126,0,4080.172748980898,9,0,2.292264792047729,normal
E0127,0,1635.4803095998907,1,0,1.3761596277615662,normal
E0128,0,3090.9389193796737,7,0,1.5026213417724703,normal
E0129,1,3030.4318172669164,10,0,1.8854325667591194,normal
E0130,17,1320296.0774572152,99,16,5.747993693407434,anomaly
E0131,0,3058.2574577537275,11,0,2.536676394698178,normal
E0132,2,4437.2846055970585,8,0,1.0034292302271122,normal
E0133,0,2855.5969871920825,2,0,1.2994726601295492,normal
E0134,0,2911.562886091635,7,0,2.59339421873384,normal
E0135,1,3324.418431343707,4,3,2.252477870448125,normal
E0136,0,5097.957093159413,1,0,1.1706246960597029,normal
E0137,0,2544.1474079053723,4,0,1.6079421675448975,normal
E0138,2,3980.5946351647403,6,0,1.030518194368739,normal
E0139,0,2617.6888754077286,7,0,1.519780698753769,normal
E0140,39,613124.5087661057,164,22,5.080640327882806,anomaly
E0141,0,6444.4498666070995,9,0,1.6973572068208784,normal
E0142,1,3805.177923394247,9,0,1.2821332455349421,normal
E0143,0,3622.764051595734,2,0,1.0967213902935071,normal
E0144,0,2539.282537781652,7,0,2.077289130675817,normal
E0145,1,3330.286682392468,11,0,2.6049968811483817,normal
E0146,0,2579.9113025476863,5,0,2.961737977326898,normal
E0147,1,1544.9150197054623,5,0,2.2850744870457294,normal
E0148,0,3834.306718467419,8,0,2.3692108487317647,normal
E0149,0,3653.8471877034012,10,0,1.9121964122953152,normal
E0150,1,7526.603192076709,4,0,2.1676866541373663,normal
E0151,1,5055.053652062833,7,0,1.4954457265444852,normal
E0152,1,4149.742346386888,3,0,1.1541186332735198,normal
E0153,34,358670.7708870718,54,8,5.598431010834288,anomaly
E0154,0,4255.1040309498,9,0,2.122494779596755,normal
E0155,13,446334.8103510024,41,16,4.783588301208464,anomaly
E0156,0,1973.49775692855,3,0,2.490535459580891,normal
E0157,1,2573.5897644847637,11,0,2.5499100854917938,normal
E0158,0,3005.0680588242694,3,0,1.1020985171521083,normal
E0159,0,2081.3498489027584,3,0,1.935609872489427,normal
E0160,0,1823.827139702784,3,0,1.2895033211408404,normal
E0161,0,4521.849848117577,3,0,1.6438686347161844,normal
E0162,0,3575.9022211700812,2,0,2.2692745205508356,normal
E0163,1,2825.5899855108773,6,1,2.917370250178914,normal
E0164,0,3078.3871205253968,2,0,2.391654606184063,normal
E0165,1,2298.8997940191916,2,0,1.4891211326381062,normal
E0166,1,5918.016032150268,7,0,2.447684935843275,normal
E0167,28,350127.6500135662,82,29,5.833723557470247,anomaly
E0168,0,4621.898011523636,3,0,1.7738417274399219,normal
E0169,3,1984.0188689726538,8,1,2.880878358385969,normal
E0170,0,2615.9928029948715,9,0,1.582037590168123,normal
E0171,25,76227.81750222266,182,17,4.628212756959449,anomaly
E0172,0,2613.9918256372125,10,0,2.323253398379114,normal
E0173,0,4427.751484982216,7,0,2.7879319847792745,normal
E0174,0,2450.3545606374064,5,0,1.4970201683664115,normal
E0175,0,3054.2277645869613,10,0,1.987804899464452,normal
E0176,0,4739.339473186012,5,0,1.946545922588881,normal
E0177,0,2249.6117395888464,1,0,2.231784326022061,normal
E0178,1,5447.585008198759,4,0,2.247940366798694,normal
E0179,0,2617.4066248621034,8,0,1.144937849537587,normal
E0180,0,2229.2665317696456,7,0,1.6237634645133188,normal
E0181,1,2797.4824279662307,3,1,1.0637121365446072,normal
E0182,0,2774.0657296241875,10,0,2.07736771551348,normal
E0183,15,612568.804404165,40,27,5.684774584808666,anomaly
E0184,1,2024.961663068039,3,1,1.5715187511507718,normal
E0185,2,2020.9130260951454,1,0,2.4845919207835454,normal
E0186,0,5638.475307888345,4,0,1.143656769837698,normal
E0187,1,2133.2312970555236,9,0,1.8638758142175886,normal
E0188,1,3025.918854596597,7,0,2.2466307315891374,normal
E0189,0,2090.860622851357,7,0,2.337978551181966,normal
E0190,1,3359.550799522776,1,0,2.023729729391331,normal
E0191,27,106835.47730998026,184,26,5.683824860015356,anomaly
E0192,0,1580.265469729193,11,0,1.3802917920680675,normal
E0193,0,2764.1550234334636,10,0,2.490249326877457,normal
E0194,0,6839.892667667584,3,0,1.5914521502225834,normal
E0195,1,3158.8864575616067,11,0,2.7520545226498117,normal
E0196,0,2144.6131832530764,10,0,2.2624085293776384,normal
E0197,0,4186.116779780447,7,0,1.6033373382081912,normal
E0198,0,3258.3606538784643,5,0,1.560280284971965,normal
E0199,0,2741.379972906004,2,0,2.146499820631581,normal
E0200,0,3355.827668190725,11,1,2.332468162419669,normal
E0201,34,334119.8690822795,155,23,6.250178887148037,anomaly
E0202,2,2503.571997808554,2,0,2.463522002030806,normal
E0203,0,3416.907518831427,3,0,1.0498772976763413,normal
E0204,0,2292.463077972043,9,0,1.392974815236959,normal
E0205,0,3634.4985170103596,10,0,1.8575173390323088,normal
E0206,0,1663.3274715379978,2,1,2.5723951703972947,normal
E0207,0,1726.4664664590175,6,0,2.3999746258817836,normal
E0208,1,6354.223254811709,9,0,2.1565551093106676,normal
E0209,0,3525.552284670983,10,1,1.4198535732484268,normal
E0210,0,7422.523936181147,5,0,2.8482377688975937,normal
E0211,0,5015.281751808486,4,0,1.2253166781230627,normal
E0212,0,4695.84971900122,6,0,1.683126263845242,normal
E0213,0,6332.314100713575,1,1,1.3071505125386043,normal
E0214,0,3178.6416660888153,5,0,2.441931302951548,normal
E0215,0,4963.541810750921,4,0,1.728385078781135,normal
E0216,0,2796.6473608172105,10,0,2.001718602258464,normal
E0217,15,475472.2904101027,61,22,5.819096836380636,anomaly
E0218,0,5273.18118622795,10,0,2.9385781082562428,normal
E0219,14,654356.4889634844,59,23,6.434877566505994,anomaly
E0220,0,2241.064713675785,8,0,1.6410851276368201,normal
E0221,0,5579.227976976246,1,0,2.48456899105788,normal
E0222,2,2249.435324929334,9,2,1.886957855984535,normal
E0223,2,4141.45205453308,9,0,1.7551656065813943,normal
E0224,0,8712.807541258004,2,0,1.342476134261247,normal
E0225,0,3347.595716567947,5,1,1.3149621858068572,normal
E0226,0,3996.4252617820007,6,0,2.5634762779484754,normal
E0227,0,2704.1893427870573,3,0,1.770797569725502,normal
E0228,0,2095.352287559309,4,0,1.266706608871474,normal
E0229,0,1717.787344065406,8,0,1.3245844679383796,normal
E0230,1,3507.116060105372,8,0,1.1827131195102405,normal
E0231,0,3025.7625805097528,6,0,1.9525471640964747,normal
E0232,2,3247.969364403158,9,0,1.3585498162404388,normal
E0233,0,2767.461779646122,1,0,1.3935471145436429,normal
E0234,0,2578.428676230502,3,0,1.066797260348711,normal
E0235,0,3101.5577242339427,11,1,2.1421274492558697,normal
E0236,0,4346.270849028813,11,0,2.8905300542330292,normal
E0237,0,3997.2453482114115,6,0,1.6560211519118764,normal
E0238,0,1874.5907221304076,2,0,1.0348503936826774,normal
E0239,0,3612.519340214415,5,0,1.0944866363363948,normal
E0240,14,318301.07031620026,140,27,4.051112047849211,anomaly
E0241,0,1220.4780173029599,2,0,2.551903371329017,normal
E0242,0,2548.0509176766445,11,0,1.4103695070883615,normal
E0243,0,1990.362497702198,4,0,1.0531086665393712,normal
E0244,0,1905.4510105061827,1,0,2.7970882929535383,normal
E0245,0,3163.139974635519,7,0,2.1274130579029187,normal
E0246,36,313159.81784453127,173,25,6.165844014439155,anomaly
E0247,1,1679.2299471963145,9,0,2.1366238530276274,normal
E0248,0,2296.9018115275044,3,1,2.8818402851911102,normal
E0249,0,6276.832600803892,4,0,1.9041064525706017,normal
E0250,1,8863.641753737882,10,0,1.4814966615416623,normal
E0251,0,6036.488679144682,4,0,1.1277297248914746,normal
E0252,0,3401.6941488291136,3,1,1.3513356628899902,normal
E0253,0,4724.5403012327915,8,0,1.0526128650919184,normal
E0254,0,2636.9955761777214,9,0,1.9332002088257243,normal
E0255,0,4366.142167603151,5,0,1.1503450743101937,normal
E0256,1,1798.954056441776,4,0,2.0202560204485263,normal
E0257,3,3279.372774215471,1,0,1.7477053721822187,normal
E0258,1,3816.9554337623954,11,0,2.3939225044636014,normal
E0259,0,3025.643393591289,9,1,1.735682683082666,normal
E0260,0,3822.3595129343457,6,0,2.30341146941387,normal
E0261,0,1329.2002405655817,7,0,1.095591507968482,normal
E0262,0,3067.4038610493258,6,0,2.008532799731375,normal
E0263,1,3810.8602698235654,5,0,2.6169478514904685,normal
E0264,1,2171.6448950214003,4,0,2.2805140048746892,normal
E0265,1,1713.4224322243654,1,1,2.2174099329687307,normal
E0266,0,1321.7858629993812,7,1,1.0542517080378102,normal
E0267,1,4823.703470879383,11,0,1.5153311317153197,normal
E0268,1,4081.6060990470705,1,1,2.104160276554498,normal
E0269,2,1501.8152532024235,4,0,2.292595120389792,normal
E0270,2,2277.354902427062,5,0,2.8551995253801596,normal
E0271,0,2489.9361377034475,8,0,2.649748675344801,normal
E0272,13,176975.53278432452,186,8,4.56594811958519,anomaly
E0273,0,2471.939212442208,6,0,1.9061146089885908,normal
E0274,0,4300.074016338641,7,0,2.8552420458102388,normal
E0275,1,2791.3710788164644,1,0,1.0594908438748594,normal
E0276,0,4955.973238054439,10,1,2.6646029385668184,normal
E0277,0,4449.161892145286,9,0,1.8423122473319855,normal
E0278,0,1469.3379436629136,8,0,2.986166881790103,normal
E0279,1,1922.0766411271336,3,0,2.1715757325152536,normal
E0280,0,3400.554780807188,8,0,1.0716016105699102,normal
E0281,0,1759.488523135969,4,0,1.2155682853793237,normal
E0282,1,3219.401799988525,6,0,1.5254841319276267,normal
E0283,0,3894.365279390235,6,0,2.695116019929654,normal
E0284,0,1204.5666938073193,9,0,2.2873102064981135,normal
E0285,0,3150.9386656254314,8,0,2.5352275143617806,normal
E0286,1,7467.827017607528,4,0,1.1146277476742157,normal
E0287,0,1995.248596500869,6,0,1.7016377711135415,normal
E0288,0,2120.492119275846,10,1,2.4298311243790067,normal
E0289,1,2306.312896705122,9,1,2.954161217922943,normal
E0290,0,3140.789205471641,10,0,1.634431938895461,normal
E0291,0,2981.421190502176,7,0,2.2655453184938192,normal
E0292,0,3089.4114363609815,3,0,1.907028506256767,normal
E0293,0,2462.9342871031417,1,0,1.6299610390194605,normal
E0294,0,5078.384218625579,9,0,1.5271502452683317,normal
E0295,0,3378.4138652346883,9,0,1.332478764849266,normal
E0296,0,2438.9646221517855,9,0,1.5997006444265616,normal
E0297,19,349344.36856528954,179,26,5.0922285831425755,anomaly
E0298,28,394984.75864918984,136,26,5.5577361964752345,anomaly
E0299,1,3253.477567245647,9,1,2.420778789552064,normal
E0300,1,3444.178352946085,3,0,2.2098076981357053,normal
E0301,0,3998.5352770868417,6,0,1.4963966722533089,normal
E0302,1,3202.4993948795845,5,0,2.998075332243899,normal
E0303,1,6166.823668065943,8,0,1.6356619742609486,normal
E0304,0,2606.5493132939723,6,1,2.425778595606947,normal
E0305,0,3032.881977427081,7,0,1.0956268887587741,normal
E0306,0,4072.623629730143,3,0,1.4924841223813177,normal
E0307,0,3465.8012165697114,5,0,1.0452651004331386,normal
E0308,8,521010.6963424046,196,5,4.973956966714689,anomaly
E0309,1,1799.2749518051146,8,0,2.663311616607152,normal
E0310,1,3492.591313938689,11,1,1.6690081753446362,normal
E0311,0,4142.626276053629,2,0,2.2315569687276717,normal
E0312,1,4094.2808168947236,8,0,1.402665194602837,normal
E0313,0,5325.097120924746,5,1,2.5811991275262014,normal
E0314,1,3812.641454440288,9,1,1.228162822504443,normal
E0315,0,3239.4695687465946,8,0,1.8343788804565364,normal
E0316,0,2145.930496261796,1,1,1.9207464295292036,normal
E0317,0,2299.070087091324,8,0,1.7285981781706636,normal
E0318,0,2728.7644229324787,3,1,1.0095976799900406,normal
E0319,1,2110.883413971922,8,0,1.390249070206307,normal
E0320,0,4279.654170953849,2,0,2.3774663642710117,normal
E0321,0,2362.73457024447,2,0,1.1233555633657935,normal
E0322,0,1915.678179897272,10,0,2.9511537386480438,normal
E0323,1,2397.510895611597,8,0,2.2615886405448546,normal
E0324,0,2211.254170098344,3,0,2.525202963376076,normal
E0325,1,2030.9335453131164,1,0,1.4806443315018465,normal
E0326,1,1795.3235044298144,1,2,2.119210117677136,normal
E0327,0,7849.045098346125,9,1,1.329060006123817,normal
E0328,0,3781.4769954509616,7,0,1.3017593137832535,normal
E0329,1,2331.664610358383,3,0,1.6868790255215766,normal
E0330,10,317781.61374577216,48,15,4.219855568148922,anomaly
E0331,37,277505.4902751026,151,19,6.392929115111609,anomaly
E0332,2,3952.5353073226856,4,1,1.467013834082164,normal
E0333,1,2840.618561445854,2,0,1.4597778916286765,normal
E0334,1,4790.93452740291,4,0,1.653285563889537,normal
E0335,0,3766.973012840872,3,1,1.1730213243235266,normal
E0336,1,1482.0722401700634,11,2,1.337370771560833,normal
E0337,0,4558.025976418029,3,0,1.0549151184384875,normal
E0338,2,4197.372215046546,7,0,2.3946529143759614,normal
E0339,0,2519.344133719569,7,0,1.7771447661579223,normal
E0340,16,176433.0107543955,49,5,4.184808080498944,anomaly
E0341,1,1782.3685928065017,2,0,1.76315592414184,normal
E0342,0,4096.575333015263,1,0,1.1243626258534039,normal
E0343,0,4438.087271236263,2,1,1.1430741084717506,normal
E0344,0,2441.140186871002,10,0,2.2557623068801074,normal
E0345,1,2859.777050159407,11,0,1.3348742927524355,normal
E0346,0,5679.8006128919515,11,1,2.483700360211822,normal
E0347,2,1704.853336233638,4,0,1.8213573076531058,normal
E0348,2,2057.016555453682,6,0,1.020909302145086,normal
E0349,0,2014.1853283790826,4,1,2.616486214641292,normal
E0350,0,4378.019158665719,2,1,2.627454804112446,normal
E0351,0,2767.7936504613726,7,0,1.0161827431042902,normal
E0352,0,1904.5666970071186,3,0,2.080387054833535,normal
E0353,1,1845.2050656898791,3,2,2.797850705172289,normal
E0354,0,2402.6415920461927,3,0,2.881465338209101,normal
E0355,0,3345.264578982832,11,0,1.7516027044573552,normal
E0356,0,6600.972636880156,8,0,2.3744338889951537,normal
E0357,10,289094.86799474945,97,28,5.471828813916522,anomaly
E0358,2,3418.5782599729073,9,1,2.704178262987546,normal
E0359,0,2926.9769398468416,7,0,1.733985164996384,normal
E0360,0,2334.856159432414,6,0,1.4667244365329994,normal
E0361,0,1352.0131340967548,10,0,2.075858418027834,normal
E0362,0,5818.125425746913,1,0,1.387417001909888,normal
E0363,0,1945.34169897487,2,0,2.810439038262622,normal
E0364,0,2716.2707646310987,5,0,1.5876450145488423,normal
E0365,1,3645.7330357820388,7,0,1.8216485471778903,normal
E0366,0,3820.956872458956,1,0,2.20994127797277,normal
E0367,0,3482.913206816293,4,1,1.7945320294395748,normal
E0368,0,2515.775766223386,3,0,1.2386577919940784,normal
E0369,0,3616.845517237153,8,0,2.4341803176852226,normal
E0370,0,2718.4869247406546,9,0,1.1961862094170865,normal
E0371,0,4392.535185601286,6,0,2.2702515817161153,normal
E0372,0,2127.022875259271,9,0,2.9402284541550063,normal
E0373,1,2746.896516672083,4,0,2.006210363394512,normal
E0374,1,2978.5342945733423,9,1,1.1808868060851792,normal
E0375,1,3644.897591778015,3,0,2.9174677975240124,normal
E0376,0,4403.235217471833,10,0,1.4885314003390195,normal
E0377,0,3346.9272214766615,1,0,1.0893254218928554,normal
E0378,8,140682.19162793807,85,10,5.877949155333745,anomaly
E0379,0,3025.772482202194,7,0,1.2863454879528584,normal
E0380,0,9556.84016229855,3,0,1.5169265212224494,normal
E0381,0,3087.148755994204,2,0,2.823865227057996,normal
E0382,0,2801.512097086877,4,0,1.1230903998933772,normal
E0383,1,2512.813441053018,2,0,2.0278493505448343,normal
E0384,0,1451.0460842269251,2,1,1.800470382259976,normal
E0385,0,2799.0531102957125,3,0,1.287417017703129,normal
E0386,38,373040.2918827576,152,25,4.7841557731749775,anomaly
E0387,0,2619.613213024151,10,1,2.056632933638215,normal
E0388,0,3172.7552587601976,1,0,1.4766389504823405,normal
E0389,0,3456.142827441549,9,0,2.863958570252656,normal
E0390,0,1819.0134064329113,1,1,1.4411467546585837,normal
E0391,28,278498.20691742265,118,26,4.579296922430111,anomaly
E0392,21,216029.79736734927,94,16,5.559270072376344,anomaly
E0393,21,276198.956953026,51,15,4.0498982901231395,anomaly
E0394,0,2962.4381318726682,1,0,2.567608052678805,normal
E0395,0,2053.7609375717907,1,0,1.6958068560675863,normal
E0396,0,1400.636525778125,6,2,2.3257062393716055,normal
E0397,0,4097.533233896373,5,1,2.409654099132502,normal
E0398,0,2051.3116535556073,2,0,1.5311258746796332,normal
E0399,0,2286.8389166508437,7,0,2.512372755426059,normal
E0400,0,1236.2936727896004,4,0,1.2079144337277532,normal
E0401,34,386747.48088327015,81,20,4.641402397813326,anomaly
E0402,0,4866.207134907779,11,0,2.420431300514165,normal
E0403,0,3544.688907693966,3,0,2.1548919787075747,normal
E0404,35,150809.11807855143,190,19,5.466423520325559,anomaly
E0405,1,3336.224086313401,9,0,1.2304906407522382,normal
E0406,1,1533.543019860766,1,0,1.247974440747625,normal
E0407,0,3613.1717673919406,4,0,1.6098206996635718,normal
E0408,0,2051.641183816657,2,0,2.603449866118234,normal
E0409,0,3188.481187064682,4,0,1.3990530024681158,normal
E0410,0,2925.4566289132613,7,0,2.3792086306541487,normal
E0411,0,2892.1248267591186,1,0,1.9778933142929438,normal
E0412,0,2863.3014436752164,9,0,1.97593256807095,normal
E0413,0,3978.052290840774,11,0,1.8940145251824207,normal
E0414,2,3248.873372228028,9,0,2.7908728272306504,normal
E0415,0,3245.7487066195913,5,0,2.633110164375819,normal
E0416,0,2665.18596926461,10,0,1.2386472285883872,normal
E0417,1,2731.481229395319,3,0,1.689639958845972,normal
E0418,0,2009.2558123230788,2,0,1.0576124734931813,normal
E0419,0,2348.102380593639,9,1,1.2134377274295922,normal
E0420,0,3340.7721309408653,7,0,1.1329522496474878,normal
E0421,25,186881.78654931654,183,9,5.282108922235905,anomaly
E0422,0,877.9589235355395,5,0,2.886165946412003,normal
E0423,0,4610.328000766022,1,0,1.5019037244691271,normal
E0424,0,2997.879640599093,1,0,2.086053277293254,normal
E0425,2,2297.8620486717723,2,0,1.610219908780037,normal
E0426,0,1392.721391001805,1,0,1.4983835925689895,normal
E0427,27,158492.63871081048,184,17,5.977723438056068,anomaly
E0428,0,4212.890071388309,11,0,2.3433932664683508,normal
E0429,0,3599.0355277673652,4,0,1.1743289060377506,normal
E0430,1,5270.680121571743,7,0,2.4856779029196203,normal
E0431,0,3704.043718999843,1,0,2.795088847475541,normal
E0432,1,3177.642348091062,1,0,1.8577088712494043,normal
E0433,1,1972.8241223253826,9,0,1.1047475309131862,normal
E0434,2,2555.641891947275,8,1,1.685288693275803,normal
E0435,1,3140.683572820921,11,0,1.7217454893887145,normal
E0436,0,5312.503571383923,4,1,1.3423243056626166,normal
E0437,0,3244.0110984055204,5,0,1.5878142369609094,normal
E0438,1,4457.341574426817,3,0,2.702367726056254,normal
E0439,1,4571.710651805378,10,0,2.8058566725044147,normal
E0440,1,2177.796770326504,4,0,2.986409626388565,normal
E0441,0,2760.172650809894,3,0,2.091873953424965,normal
E0442,2,2934.647454051924,11,1,2.9082572502954243,normal
E0443,0,3339.5686194534014,4,0,1.6343880798053652,normal
E0444,0,1606.8041245614074,10,0,1.9857652421555445,normal
E0445,0,1660.2480776677107,1,1,1.3782628375167982,normal
E0446,0,3282.8648068928524,6,0,1.1023867397365743,normal
E0447,8,314880.37653124396,65,24,6.111515753393384,anomaly
E0448,0,2062.4094150895135,8,0,2.9766805364451727,normal
E0449,0,4022.4933218102533,9,0,2.7883861204428566,normal
E0450,0,2785.422440356477,2,1,1.685967661458615,normal
E0451,0,3975.2977413124886,8,0,2.316011022254822,normal
E0452,8,313749.00238576956,72,23,4.132303984231821,anomaly
E0453,0,2291.7446343049946,8,0,2.512313819653099,normal
E0454,0,1999.9716682980143,5,0,2.0974251468465868,normal
E0455,0,2177.336551612544,1,1,2.7397729974106024,normal
E0456,0,1795.72111030803,5,0,2.1966666446231926,normal
E0457,0,4736.776458827195,11,0,1.5369851151045635,normal
E0458,0,2954.931204979588,1,0,2.166740187804569,normal
E0459,0,4437.829314019435,11,0,1.7459664080804889,normal
E0460,1,5482.645136667611,4,0,2.1818876626154844,normal
E0461,0,2568.1561284911877,1,0,2.3388876661871523,normal
E0462,1,2111.405276956214,7,1,2.449506467872595,normal
E0463,0,3206.798853737287,9,0,1.8539107363756624,normal
E0464,2,3200.0059275455515,4,1,2.5879294003751334,normal
E0465,0,3348.007446228675,2,0,1.0825815234204235,normal
E0466,1,4916.541503255117,4,1,1.780030206250874,normal
E0467,1,3108.105254794803,7,0,2.9650524639052893,normal
E0468,1,2997.1931218193313,1,0,1.480361575251377,normal
E0469,10,437087.49450787366,49,8,5.431074191810888,anomaly
E0470,0,3127.6926332322846,6,0,1.0735179121081817,normal
E0471,0,4343.01033680278,1,1,2.7043308671188018,normal
E0472,0,2448.585744106002,6,0,2.693450179199862,normal
E0473,1,1321.2819418311167,4,0,2.150628002678217,normal
E0474,1,4323.027940045285,6,0,2.47900767951674,normal
E0475,1,2656.094302777869,8,0,2.544004158239404,normal
E0476,0,2668.213172383629,11,0,1.0120543047153878,normal
E0477,1,5028.417187878451,9,0,2.8107954930118915,normal
E0478,1,4063.1652916078365,1,0,1.967919529997583,normal
E0479,0,2990.567326724346,2,0,1.9019882232969505,normal
E0480,0,3609.6278181353955,11,0,1.1964242545960078,normal
E0481,1,2347.3104727157856,9,0,2.4605397343500597,normal
E0482,0,5208.652901476206,1,0,1.7127222885015791,normal
E0483,0,3446.5913267188575,10,0,2.7985090245494746,normal
E0484,0,6065.75615486913,8,0,2.9458205753263327,normal
E0485,0,6165.32019146214,5,0,2.7581546315458576,normal
E0486,1,2213.1390028297214,2,0,1.5492096420135786,normal
E0487,0,3785.4382755243523,9,0,2.69271931654939,normal
E0488,11,472944.58791988814,133,28,4.975028170685455,anomaly
E0489,0,1956.3670271562148,9,0,1.7101338696402508,normal
E0490,0,2807.369160321542,7,0,2.484964343826254,normal
E0491,0,3407.386207794465,7,0,2.3033148100283354,normal
E0492,0,2335.6252046006775,2,0,1.0629474167562158,normal
E0493,0,2884.7054249596877,11,0,1.9510640230989997,normal
E0494,26,299332.3517139353,191,23,6.448658928509129,anomaly
E0495,1,6677.454163001182,3,0,1.7625503032674108,normal
E0496,0,3559.799831619892,4,0,2.715614620027742,normal
E0497,1,2913.115545750379,8,0,2.4385065413195957,normal
E0498,0,3853.363345079902,7,0,1.7637124254527246,normal
E0499,0,2031.6985068577458,4,0,1.274487872962859,normal
E0500,0,7871.950869982811,7,0,2.9343363544204717,normal
E0501,0,2769.802757154205,6,0,2.9782116470347058,normal
E0502,0,2286.8672040221113,5,1,2.3370288850082455,normal
E0503,1,4443.49742357673,2,1,1.6533422761936991,normal
E0504,1,2494.82097944722,2,0,1.6368472506424805,normal
E0505,0,3100.1891212622813,10,0,1.0193515707557133,normal
E0506,0,1721.633934256868,2,0,2.0976292119485,normal
E0507,0,1619.7251188529992,2,2,2.5637395898009263,normal
E0508,0,1534.4515231345008,6,0,2.611238052296326,normal
E0509,0,5543.471982575722,3,0,2.2392628710248994,normal
E0510,1,3385.4098681919845,1,0,1.8997886504486223,normal
E0511,0,1852.5349787410437,5,1,2.124039161331874,normal
E0512,0,3355.7176576413513,5,1,1.371920024445163,normal
E0513,0,4330.653080790227,5,0,2.3406878823221953,normal
E0514,3,2517.792523986638,2,0,2.0623458691349725,normal
E0515,1,2864.949351864357,9,0,2.1984578922691522,normal
E0516,0,5531.229163455661,2,0,1.6362552993077617,normal
E0517,0,4249.034738666364,4,0,1.2251867363329587,normal
E0518,0,3242.340836888184,5,0,1.33636311210233,normal
E0519,0,5223.858489468473,8,0,1.4925651882906739,normal
E0520,0,2968.1185484125053,4,1,1.121945544127983,normal
E0521,0,1987.3726630721,9,0,1.8471536675394697,normal
E0522,1,2266.8756851469857,1,0,2.1364673335865483,normal
E0523,0,2450.322373228048,10,0,1.7922057150463149,normal
E0524,0,2476.9440633953513,4,0,1.0711124659681832,normal
E0525,0,3495.3833607490587,9,0,1.4940070420591247,normal
E0526,20,335625.7250942888,143,5,5.223241690166694,anomaly
E0527,0,4392.039911554793,9,0,1.0320785739090277,normal
E0528,0,2622.458259991059,11,0,1.5003847088000022,normal
E0529,0,3273.3676812491904,1,0,2.0801826599820994,normal
E0530,1,3775.958293202045,2,0,2.6231584656378155,normal
E0531,0,2271.7832748332708,11,0,2.57838357464644,normal
E0532,12,616908.3398952155,110,19,6.34738377013926,anomaly
E0533,0,2231.515491659991,6,0,2.339465446215872,normal
E0534,0,2426.2544983850426,10,1,1.8920863455820958,normal
E0535,0,2222.1509337853086,10,0,1.2388900278084038,normal
E0536,0,3714.94822661046,3,0,2.6580009885147255,normal
E0537,0,2575.3163264511186,1,1,2.888553563672017,normal
E0538,0,4783.607160097033,4,1,1.6565969493469603,normal
E0539,1,2828.8832169182733,2,1,1.9364899972862764,normal
E0540,0,2162.9922499673826,8,0,1.5651417306722832,normal
E0541,34,406632.63562294876,62,24,5.130937492057784,anomaly
E0542,1,2961.1399651347433,4,0,2.111993599326173,normal
E0543,0,1389.3185713930975,6,0,2.574433940668457,normal
E0544,30,916248.1580344257,64,28,4.012612872221749,anomaly
E0545,0,3316.6526356093086,9,1,2.706363088539746,normal
E0546,0,1467.0865363629384,2,1,2.2801439477640937,normal
E0547,1,4575.756871359343,2,0,2.217792344877403,normal
E0548,0,2436.956681726456,11,0,2.2152308396943114,normal
E0549,0,2809.503035751548,11,0,1.2916534968853108,normal
E0550,1,2693.381316150449,2,1,1.800836040570653,normal
E0551,0,1863.6530097684795,11,0,2.1003185640470328,normal
E0552,21,259527.9093672464,50,19,5.733534513300567,anomaly
E0553,0,3009.3040522990327,8,1,2.6163052644265994,normal
E0554,0,3200.0548373278093,8,0,1.7952898821126126,normal
E0555,1,3513.8450686193473,7,2,2.0278436103935658,normal
E0556,0,2201.6385624603777,2,0,1.3701344887997617,normal
E0557,1,1961.5160700508998,8,0,2.851028054830505,normal
E0558,0,3197.6126678322657,5,0,2.111051744335091,normal
E0559,0,2787.47285859344,8,0,1.670557951439235,normal
E0560,1,2600.738963668317,7,0,2.4109897163479124,normal
E0561,0,2761.884526750985,9,2,2.330367780130805,normal
E0562,0,3811.8743334833043,2,0,1.7472569739199244,normal
E0563,0,3541.5160542379626,7,0,2.652676862838671,normal
E0564,1,4207.672001554249,7,1,2.1870973569500025,normal
E0565,0,3641.0691588115633,5,0,1.3781351630511112,normal
E0566,0,3966.1089193369785,10,0,1.833351429510805,normal
E0567,0,2580.1145169638557,10,0,2.1801341917671673,normal
E0568,1,2747.127214048221,6,1,1.397450270204531,normal
E0569,0,5053.452388355279,2,0,2.9909947380603716,normal
E0570,0,1954.761755110654,8,0,2.1689377615578698,normal
E0571,0,3790.8288911135724,5,1,1.7607136058328698,normal
E0572,0,2665.634348754864,1,1,1.5576996179210576,normal
E0573,0,2077.030983777941,11,0,1.192437387457225,normal
E0574,0,4121.558912024456,7,0,2.56942354933115,normal
E0575,1,2608.6248107992296,7,0,1.5042346756820222,normal
E0576,1,3566.2499823056064,11,0,2.7633005011219858,normal
E0577,0,4098.051280650526,10,0,1.1627498827797884,normal
E0578,0,2411.530756105426,6,0,2.106956388310835,normal
E0579,8,182559.16969193326,194,14,6.064138033203745,anomaly
E0580,2,5178.984164254314,1,0,1.2625123398734606,normal
E0581,0,2559.344578891544,1,1,2.4593624371582608,normal
E0582,26,592415.9252895095,144,29,4.017074548957782,anomaly
E0583,0,2275.4203457696303,8,0,2.7219346036083474,normal
E0584,18,226732.6336400049,132,16,6.28284530026048,anomaly
E0585,9,228260.70630343017,171,19,4.164573857476918,anomaly
E0586,0,1204.3566590848277,2,1,1.848122939612502,normal
E0587,0,8634.235927837055,9,0,2.4094747503265617,normal
E0588,0,2362.153537936708,5,2,2.4317094340582006,normal
E0589,2,1528.772939549175,10,0,1.7376013928695457,normal
E0590,1,3579.1743782540075,2,0,1.4914968476918586,normal
E0591,23,135320.2851973051,140,25,4.36402323875477,anomaly
E0592,0,2271.163760141356,4,0,1.1185553585699817,normal
E0593,1,2624.5383331622365,1,0,1.8853923856725836,normal
E0594,1,2552.3515145923234,2,0,1.169251759831907,normal
E0595,0,5733.275989935631,3,0,2.4862993174164623,normal
E0596,0,1700.2352274780849,8,0,1.0161150998240958,normal
E0597,0,3714.990729151741,9,0,1.5375317106287423,normal
E0598,21,430583.01243587694,176,11,4.171964261402312,anomaly
E0599,2,2936.220401299769,10,0,1.315196462448473,normal
E0600,0,2542.062995851032,2,0,1.447926095014043,normal
E0601,1,1808.2302159806397,1,0,1.1108893016707715,normal
E0602,0,3255.485137836091,8,0,2.717967913600374,normal
E0603,0,2231.768856065216,9,0,1.6505576725701028,normal
E0604,0,3996.5003466018825,11,0,2.741277539855349,normal
E0605,0,3100.5039863437396,10,0,2.732877497687757,normal
E0606,1,2127.797113565628,2,0,2.277865185669264,normal
E0607,27,516681.8040569851,146,6,4.3756568670849365,anomaly
E0608,1,3482.596523166149,4,1,2.241002558459612,normal
E0609,0,2341.45103508091,2,1,1.5732514519469012,normal
E0610,0,3651.456197842404,4,1,1.1790028307066398,normal
E0611,0,1678.9078839011563,11,0,2.322525827979094,normal
E0612,18,201841.09203152746,98,26,5.070695226270087,anomaly
E0613,0,5106.6662537245775,4,0,1.937524300140305,normal
E0614,12,237657.8134639904,82,23,4.347881473339581,anomaly
E0615,0,1904.1000071058324,1,0,1.677704772249982,normal
E0616,1,2773.369430246486,3,0,2.9039501893649184,normal
E0617,0,2123.0142409773102,7,0,2.7415688812597336,normal
E0618,1,3001.8270336056485,11,0,1.4985864308660468,normal
E0619,1,6612.222426049241,11,0,1.5987492543183865,normal
E0620,0,3027.2266627089543,4,0,1.678111915131254,normal
E0621,1,2759.3225359508333,10,0,1.0892056589167007,normal
E0622,0,1806.7417897767002,9,0,2.5568289917871843,normal
E0623,0,1489.8498964097794,6,0,2.941898557296857,normal
E0624,1,1514.8377225067145,10,1,2.8577715362072964,normal
E0625,38,296463.07009951596,78,24,5.336840955436182,anomaly
E0626,1,1723.522945411851,4,0,1.007539949521934,normal
E0627,0,3822.9554654211856,2,0,1.9081455101784788,normal
E0628,1,2620.520049371854,1,0,1.55748048701584,normal
E0629,20,367434.3177804713,62,16,4.833578556858404,anomaly
E0630,0,2012.1670268511568,10,0,2.5406501398686867,normal
E0631,0,2353.096949979325,3,0,1.7150708798499612,normal
E0632,1,3179.1708167279608,5,0,1.7265978215363673,normal
E0633,1,5527.66395467472,4,0,2.5844594788939395,normal
E0634,0,1614.5287628077301,6,0,2.070912877574073,normal
E0635,0,4894.337217968603,3,0,1.3598073340827936,normal
E0636,0,2652.3867346223246,1,0,1.101358957732403,normal
E0637,0,2186.982097445122,5,0,1.8208619241034358,normal
E0638,1,3690.1057057311555,7,0,2.7606956701723853,normal
E0639,1,1835.8450987639183,6,0,2.8055412005050044,normal
E0640,0,1844.571099024021,9,0,2.803349937686299,normal
E0641,0,2412.5851638248632,11,0,2.5138462187994426,normal
E0642,0,2047.6471772376185,2,0,1.3419121652365975,normal
E0643,0,3939.919172804006,7,0,1.6074975571097103,normal
E0644,0,2236.39064944714,3,0,2.7115310523391853,normal
E0645,0,1775.4192125485051,9,1,1.8043382998431845,normal
E0646,0,3318.232437524419,2,0,1.389915235027779,normal
E0647,17,653363.8742923107,127,28,4.494677643405535,anomaly
E0648,1,2371.482023681803,1,0,2.4042220389077724,normal
E0649,38,707037.6345697427,192,15,5.074164731130114,anomaly
E0650,0,1580.8905012847224,3,0,2.10366685004153,normal
E0651,1,2435.112591750907,7,0,1.6219762614132502,normal
E0652,13,303643.1454089428,131,18,6.168334768198104,anomaly
E0653,0,4563.016301287674,10,0,2.1174922592819323,normal
E0654,1,3530.0566349399833,2,0,2.6741493578352022,normal
E0655,1,6037.489516076137,10,1,1.6210685590232676,normal
E0656,0,3077.7920167695543,11,1,1.933710140110279,normal
E0657,0,2364.3071032021976,5,0,2.85075359459095,normal
E0658,0,3596.2972214197634,10,0,1.4829710738914366,normal
E0659,0,2987.10598642248,1,0,2.0013291285562267,normal
E0660,1,3854.7900068715385,11,0,1.9019321327481118,normal
E0661,1,3068.1592901273775,10,0,2.9721833002095197,normal
E0662,0,3195.3845284390923,9,1,2.3147646061107947,normal
E0663,0,4713.844404810217,5,0,2.877274298032633,normal
E0664,0,3630.3870970479184,1,1,2.468551890243387,normal
E0665,0,2711.534814555768,5,0,1.7886932717387367,normal
E0666,25,239591.8382525463,173,13,4.230914574153147,anomaly
E0667,0,5277.912325282889,1,0,1.3586861414284208,normal
E0668,1,2396.987161552842,6,0,1.38302273344465,normal
E0669,1,1327.008415852478,9,0,2.5301189133635935,normal
E0670,0,2075.955660160172,8,0,2.896385216439384,normal
E0671,0,1895.9369778244052,1,0,2.1732709656665667,normal
E0672,0,1953.590297362279,11,0,1.1491538430459942,normal
E0673,1,4078.1466595321667,11,0,1.0785233504350196,normal
E0674,0,3122.3108654058046,3,0,1.7528389441929908,normal
E0675,1,2270.090148086642,7,0,1.3489722607224195,normal
E0676,0,3119.1998265483553,3,0,1.1341856467303801,normal
E0677,0,3089.164771631591,8,0,1.9532192542946665,normal
E0678,0,2203.639273522917,6,0,1.2532203853760548,normal
E0679,0,2374.3567978885467,2,0,2.0969295734925884,normal
E0680,0,3933.228067770645,1,0,1.1906950359496113,normal
E0681,0,1762.911450952006,9,1,1.6765112810944514,normal
E0682,0,4872.4426877873075,5,1,1.865776968463776,normal
E0683,0,5070.250096216402,9,0,1.7691024771195474,normal
E0684,0,4330.931904041965,7,0,2.263544087781483,normal
E0685,1,2661.1286720476064,3,0,2.1051439141760415,normal
E0686,0,1370.6929053936678,1,0,1.530899298427894,normal
E0687,0,4148.157691426205,11,0,1.463964273905347,normal
E0688,0,3289.895822319502,3,1,1.2804429298713011,normal
E0689,1,4145.247565414479,7,0,2.6498403177896552,normal
E0690,0,2851.2779879275904,6,0,1.5140919443489098,normal
E0691,18,256584.02413504297,108,19,6.041374880124334,anomaly
E0692,2,3214.3771253944706,1,0,1.153309762452404,normal
E0693,1,3982.4408748195056,11,0,1.203224541744154,normal
E0694,1,2896.476728795454,8,1,2.3221372489676657,normal
E0695,1,4095.5734755950625,8,1,2.7981366968996966,normal
E0696,0,3354.4467756007575,6,0,2.1668181158112163,normal
E0697,20,312483.7020086309,172,27,6.1457088985303985,anomaly
E0698,1,1240.4550229079355,7,0,2.964075229758583,normal
E0699,0,2126.2728036697313,11,1,2.3636525930098804,normal
E0700,0,3163.2183986305354,9,0,2.1522444997230554,normal
E0701,0,1960.5751395114341,6,1,1.802863964241125,normal
E0702,1,4903.704204885402,1,0,2.8502742792084996,normal
E0703,0,4847.001289057112,7,0,2.9084952171889897,normal
E0704,0,5875.2500969677085,4,0,2.435265219253004,normal
E0705,1,1647.794019996489,8,0,2.071737578713301,normal
E0706,27,319517.26399254304,64,27,4.225562860633458,anomaly
E0707,0,2663.2683216078035,9,0,2.0755499502474457,normal
E0708,2,2648.0699625066877,10,0,2.7238313137534087,normal
E0709,1,3480.3944212430456,6,0,2.680256888002152,normal
E0710,0,2461.9244756493754,10,0,2.1533468023752085,normal
E0711,21,1544949.7864288094,76,6,4.6447410616023275,anomaly
E0712,0,2517.9230428943424,2,0,2.890411010988765,normal
E0713,1,2607.081725202143,9,0,1.82334645113175,normal
E0714,0,1983.8311199427537,11,0,2.311098868342949,normal
E0715,1,2902.6506826911987,9,0,2.6275918111088616,normal
E0716,0,1479.7484874456566,9,1,2.4833569281104175,normal
E0717,1,3078.8349929526435,4,0,1.3834696625417169,normal
E0718,0,2741.3245807821872,1,0,2.618253285942613,normal
E0719,0,1844.9454614918536,6,0,2.645649430701707,normal
E0720,0,2741.582878126483,1,0,1.8227005414037338,normal
E0721,1,3892.052690974216,1,0,1.3821794531267304,normal
E0722,1,3197.7920628456945,7,0,2.269428109339602,normal
E0723,3,2093.0972444136505,7,0,2.855300736958566,normal
E0724,1,1566.6110056291895,5,0,1.5708672156823764,normal
E0725,2,3147.294235641483,3,0,2.573039283386728,normal
E0726,1,3250.202291051353,10,0,2.94928143213236,normal
E0727,1,2415.3863653013887,7,0,1.9885852588132624,normal
E0728,1,5207.87372111765,6,2,2.905918702325902,normal
E0729,0,2954.2497714621836,2,0,2.4964031556564583,normal
E0730,14,384529.5034195656,84,21,6.07752012225322,anomaly
E0731,0,2841.359432264542,4,0,1.88359159338123,normal
E0732,0,1126.6174678777397,9,0,1.0453623909710654,normal
E0733,1,2803.082100526199,4,2,1.8009281154734909,normal
E0734,1,2083.9418943873225,4,0,2.764557502398983,normal
E0735,0,1724.2646329787137,3,1,2.7164958287395615,normal
E0736,1,6021.39013447857,4,0,1.2275272154748003,normal
E0737,0,2521.724380589587,10,0,1.3948176930666298,normal
E0738,0,1777.7288560500044,3,1,1.075897632296434,normal
E0739,0,4896.77261646507,8,0,2.56978446046063,normal
E0740,0,1683.6002625782705,3,1,2.869411422330611,normal
E0741,12,524196.902539929,74,5,5.746394564933818,anomaly
E0742,0,4080.968201789783,8,0,1.6830198783518329,normal
E0743,12,297996.72034901375,197,23,5.471300603214614,anomaly
E0744,0,3440.2809293538758,6,0,2.7291476069850633,normal
E0745,19,135213.17093458408,102,8,5.998457270004842,anomaly
E0746,0,2352.2846442326495,11,0,2.2270205446888154,normal
E0747,0,2727.5927205672238,7,0,1.033256100589855,normal
E0748,1,2785.9919903375253,7,0,1.432799263073825,normal
E0749,24,128475.02608248402,59,22,5.531159898376785,anomaly
E0750,14,227051.17686098337,66,8,5.886041020950239,anomaly
E0751,0,2812.436680407022,3,0,1.6012347180879367,normal
E0752,0,1895.49073573121,3,1,1.0952774442551618,normal
E0753,0,3016.846441709467,9,0,2.468593724359119,normal
E0754,0,2385.418447884817,1,0,1.4809993565965318,normal
E0755,0,4505.746704968261,5,0,1.807878405174637,normal
E0756,0,3232.9700680669935,10,0,1.284497148205349,normal
E0757,0,3865.464190071349,8,0,1.5439561305736618,normal
E0758,1,3486.4931337369076,6,0,2.589543894985594,normal
E0759,0,2018.4739845146971,7,1,1.4200648910081939,normal
E0760,27,351957.9148734937,164,29,5.77960800152254,anomaly
E0761,35,678226.1685831328,101,12,5.850633676290582,anomaly
E0762,0,1459.618205511711,6,1,2.3484862179036368,normal
E0763,35,169753.45369979122,76,22,4.56216940715955,anomaly
E0764,1,1463.26881143682,5,0,2.3582706828954634,normal
E0765,0,2253.516617450562,1,0,2.8397941546631613,normal
E0766,1,4049.5364193218234,7,0,2.59363014728382,normal
E0767,1,2772.772904188823,4,1,1.7920215056586721,normal
E0768,0,2718.188576575012,8,0,1.9582820192789567,normal
E0769,0,2482.27116211639,5,0,1.5056312462800971,normal
E0770,0,2269.3062851437962,2,0,2.0613345538982726,normal
E0771,0,3909.5999469554868,4,0,1.3758951658227134,normal
E0772,1,1457.6464351424352,3,0,2.786150044522869,normal
E0773,0,1408.1874205684574,2,1,1.0599955125027576,normal
E0774,0,2731.0053138428325,7,1,2.8454157514625846,normal
E0775,0,1901.732689816961,9,0,1.8844902217818846,normal
E0776,0,4123.843912373758,7,0,1.9064665322314505,normal
E0777,0,1947.6989303493897,6,0,2.539456340656786,normal
E0778,1,1837.3650595484305,7,0,2.7452248912659387,normal
E0779,0,2679.024802936091,8,0,1.7059166631306641,normal
E0780,10,321487.02231389517,57,18,4.24413681738259,anomaly
E0781,0,1578.7613480419475,4,0,1.5578404829547454,normal
E0782,0,2195.1197252547445,2,1,1.5094943410232342,normal
E0783,1,2524.4096235688407,9,0,2.1474808240476637,normal
E0784,1,2208.2850277747816,1,0,1.6629661555715551,normal
E0785,0,2984.7943159002,2,0,1.14132961032562,normal
E0786,2,3961.833508156784,6,0,2.4619359966155088,normal
E0787,1,2692.7633644350954,9,1,2.9966325372517746,normal
E0788,0,3692.7729026462366,4,1,1.5944165670033361,normal
E0789,0,3430.1745834514413,2,0,2.8584458201976983,normal
E0790,2,9047.224181166685,3,1,1.998093766872857,normal
E0791,0,2873.330227316098,2,0,2.264583671411224,normal
E0792,0,3845.7752526560193,1,0,1.251958611712144,normal
E0793,1,4057.3358465338297,3,0,2.9382863035575126,normal
E0794,0,2322.552005569474,11,0,1.0842847477827613,normal
E0795,1,4109.401199513787,8,0,1.521554538057817,normal
E0796,0,3442.4573295727423,9,0,1.086609635309433,normal
E0797,0,3563.894275687112,9,0,1.4281156741957484,normal
E0798,1,2233.4692032548733,6,0,2.7924239901476975,normal
E0799,13,82158.88474276455,162,29,5.043700329072882,anomaly
E0800,0,3909.0234340306083,10,0,1.130528975596672,normal
E0801,0,4402.47764461664,10,1,1.213791833278941,normal
E0802,0,3518.56053137613,1,0,2.8729010200431357,normal
E0803,1,1984.2873893640476,5,0,1.7236415209865708,normal
E0804,21,233577.82674324987,77,18,6.362541848275515,anomaly
E0805,0,5274.641843735393,4,1,2.291651161122411,normal
E0806,0,2994.498885681107,10,0,1.15318380798704,normal
E0807,0,2428.8552757222374,1,0,2.4831663775185566,normal
E0808,1,1737.5788807889778,4,0,1.9681747243456686,normal
E0809,0,3670.289571583524,2,0,2.595081309362582,normal
E0810,1,3878.033224779545,7,1,1.156200062997664,normal
E0811,0,2673.9559622673005,4,0,1.1766340032357874,normal
E0812,0,3557.7174769944113,9,0,2.1814754729028967,normal
E0813,0,1699.9802325528149,4,0,2.887144238912696,normal
E0814,0,2285.653208622055,3,0,2.3824448985013613,normal
E0815,0,2390.205231632641,9,0,1.6628266688105584,normal
E0816,0,1497.5234077669002,4,0,2.6799930598511406,normal
E0817,0,4053.367859045231,5,0,2.1319941550381185,normal
E0818,1,4393.646197707249,6,0,1.7253849777047556,normal
E0819,1,2473.8461600400487,8,1,2.832725807847182,normal
E0820,0,2493.916761249764,8,0,1.1697860238059175,normal
E0821,1,2205.8684191807797,2,0,2.5956950192858645,normal
E0822,16,200768.14755283648,160,20,5.789410679942733,anomaly
E0823,0,2574.100649145204,3,0,1.3731261906408594,normal
E0824,0,3346.6586785351637,9,0,2.531650824193739,normal
E0825,1,2570.667884103452,11,0,2.534335445033268,normal
E0826,0,3375.2203329231634,6,0,2.0025156505276276,normal
E0827,24,271400.9446469365,172,28,6.330656274610053,anomaly
E0828,0,3391.656836763678,10,0,2.768729568704037,normal
E0829,0,4037.260389464387,1,1,2.4039813046201943,normal
E0830,1,3577.3821168364866,9,1,1.4835345918891338,normal
E0831,1,6811.126698006182,4,0,1.500342550926407,normal
E0832,0,1971.4505048080994,10,0,2.6209383935732937,normal
E0833,19,166740.60805657448,156,26,5.464842922073769,anomaly
E0834,0,1520.8620147733202,2,0,2.11722755517323,normal
E0835,1,3008.0993632440327,8,0,2.994816831650952,normal
E0836,0,1084.106045282413,6,0,1.4276085690377136,normal
E0837,0,4504.456022150043,2,0,1.4595577953741505,normal
E0838,0,4487.195447988571,5,0,2.620788130463989,normal
E0839,1,8585.782208525106,7,0,1.2627591701680474,normal
E0840,0,4781.833399450182,3,1,1.3314775560048424,normal
E0841,3,2341.7204419972522,4,0,2.213563558928671,normal
E0842,0,3883.852159825037,9,0,1.3739276866751264,normal
E0843,0,5329.866059049471,1,1,2.7719740407401634,normal
E0844,0,4356.129882892932,3,1,1.7505292430298398,normal
E0845,0,6557.8066899070045,8,1,1.076354190314403,normal
E0846,2,3599.4804541112417,10,0,1.6878717467984,normal
E0847,0,2316.009181036911,1,0,1.0124707823205008,normal
E0848,0,3197.500468342619,5,0,2.88188855431326,normal
E0849,1,3536.796024833441,3,0,1.1395774380396038,normal
E0850,2,3167.8881269905073,8,0,2.9831889943474925,normal
E0851,1,2758.8110621644096,7,0,1.1376015772770909,normal
E0852,1,5381.881915751138,5,0,1.2053221811663248,normal
E0853,0,3434.132365804269,9,0,2.52182767399915,normal
E0854,0,3976.438741902849,8,0,2.5729645295855277,normal
E0855,1,2517.5507521769105,3,0,2.7941648362335934,normal
E0856,0,2696.967765078304,5,0,1.79274171062921,normal
E0857,0,4829.8731611833455,7,0,2.2318348432925688,normal
E0858,0,3165.2407183760633,8,0,2.46910430974426,normal
E0859,2,3962.7796343283158,3,0,2.305258691948856,normal
E0860,1,2328.5085731094164,1,0,2.9683934748526117,normal
E0861,0,2092.8931022618904,11,1,2.810089243452258,normal
E0862,0,5518.205113869422,10,0,1.8123778896670093,normal
E0863,0,2110.315597174439,6,0,2.6973500076598174,normal
E0864,0,6899.866863106211,1,0,1.890161235141335,normal
E0865,0,2761.54393685089,11,0,2.269892714716591,normal
E0866,0,3511.516654100912,3,0,1.2131597618362042,normal
E0867,1,2954.558576621012,7,0,1.8432965715026732,normal
E0868,18,789411.1565157772,195,11,6.469866226354279,anomaly
E0869,0,2358.4966644982846,1,0,2.736596141632812,normal
E0870,0,5775.218327854303,4,0,2.8027946157061745,normal
E0871,0,2710.6210202560424,8,0,1.2091526626004112,normal
E0872,0,2774.036873660464,3,1,1.928478222557898,normal
E0873,3,6830.891166335148,9,0,1.2018710066288076,normal
E0874,0,3447.3790442368795,1,1,1.857802502156135,normal
E0875,0,2001.9291934048538,7,0,1.367436102890243,normal
E0876,2,1947.8734483685294,11,0,1.7368512328895385,normal
E0877,0,2346.100553344574,9,0,1.5923199710382279,normal
E0878,0,2612.4164673036216,2,0,2.9522173424933267,normal
E0879,0,4827.432673878559,3,0,1.1721842113572072,normal
E0880,0,5250.988654141895,3,0,1.4316311139880034,normal
E0881,0,2167.03302051538,4,0,2.6143057566789936,normal
E0882,0,2000.2068789241475,5,0,2.415785433022812,normal
E0883,0,2303.379582386952,3,0,1.277269940381827,normal
E0884,2,3770.606438858911,6,0,1.3277598996634108,normal
E0885,1,3010.947027072326,7,0,1.5423766602074038,normal
E0886,0,3310.769527677157,4,0,2.3367825994131985,normal
E0887,0,3742.4997663784443,9,0,1.717226741287505,normal
E0888,2,4763.477386431744,2,1,1.6292407183886877,normal
E0889,0,1716.616078208811,7,0,2.335957020069797,normal
E0890,1,1367.8518090794778,8,0,2.734364774772544,normal
E0891,0,2546.6858527052464,9,0,1.8710580768963587,normal
E0892,0,2706.1590556840665,4,0,1.8088866492558007,normal
E0893,0,1777.6514226752327,10,0,1.7863691075328596,normal
E0894,0,6496.042811867418,5,0,1.2779811485836914,normal
E0895,1,2859.4814914677436,3,0,2.881818097716207,normal
E0896,1,4840.6099944013,7,0,1.1331339881638953,normal
E0897,0,1647.471545016275,4,1,1.706272615796914,normal
E0898,0,2899.263353210344,2,0,2.7278133581506436,normal
E0899,0,1320.3462009622813,1,0,2.7096515431169195,normal
E0900,0,2793.1662567123703,6,0,2.2042469207421345,normal
E0901,0,2794.5045632020556,5,0,1.3801900622858945,normal
E0902,1,2910.441674325427,1,0,2.217446828498801,normal
E0903,0,3454.459575258675,4,0,2.9397776903823285,normal
E0904,0,2382.7359277932665,6,0,1.2579586484231076,normal
E0905,0,3038.8179937322957,1,0,1.1745960998301748,normal
E0906,1,1598.9442691496813,4,0,1.0027808582443283,normal
E0907,0,5901.880825024034,9,0,1.4648483357213689,normal
E0908,1,2495.600364710471,1,0,1.1956593473046486,normal
E0909,0,2185.53356390621,6,0,2.0758455357990115,normal
E0910,0,2250.2766231300716,4,0,2.5305076945465768,normal
E0911,1,2099.7688724972018,3,0,2.5583975484853836,normal
E0912,0,1932.7844729191906,8,1,1.8982889933939657,normal
E0913,1,1821.2862705313407,6,1,1.8942619130176457,normal
E0914,0,3151.34543677061,9,0,1.2782903722232712,normal
E0915,0,1217.003711327238,7,1,1.4873712123224203,normal
E0916,1,3176.47966835251,2,0,1.279700893321257,normal
E0917,1,2981.3278716741665,9,0,1.7024533321108268,normal
E0918,0,4021.520614253082,4,0,2.5161019947008834,normal
E0919,0,1860.1845960776927,3,0,2.7360562410534586,normal
E0920,0,2409.1144956245157,6,0,1.626373704778534,normal
E0921,0,3457.994479736632,3,0,1.116836765711363,normal
E0922,1,4365.029559149339,1,0,2.1792337752544277,normal
E0923,1,5176.5448999483315,11,0,2.538533200470124,normal
E0924,0,1806.9761785866374,4,0,2.11090083760072,normal
E0925,38,229342.0278373747,182,26,5.657314420348852,anomaly
E0926,0,2055.7534105021705,1,0,2.744481165415178,normal
E0927,15,129370.76551406622,176,25,5.333711298161209,anomaly
E0928,0,5458.594773206406,2,0,2.953805754061433,normal
E0929,0,3257.860543381186,1,0,1.2264378538097946,normal
E0930,26,158931.73072154663,68,13,5.610337146855329,anomaly
E0931,1,1620.9832201844567,6,0,1.678991280790601,normal
E0932,0,3311.5910784914763,10,1,2.770799790885955,normal
E0933,0,1911.9414329963047,5,0,2.1547059386671794,normal
E0934,0,2329.809621974515,4,1,2.7819510290119736,normal
E0935,0,2383.942798944098,2,0,2.44952084349715,normal
E0936,1,2279.4115025840333,3,0,1.0866485453912798,normal
E0937,1,2524.361380401214,7,0,1.6634939026782294,normal
E0938,0,4219.658549205157,1,0,1.4832972642727886,normal
E0939,0,3742.8110771695815,2,0,1.9056452473170953,normal
E0940,2,1710.4545210976294,2,0,1.8656029649695771,normal
E0941,0,2908.0934076376134,4,0,1.7861945515478745,normal
E0942,24,384017.8631434908,175,5,5.395385776055518,anomaly
E0943,0,2534.8003283032194,8,0,1.1914946977734484,normal
E0944,2,4635.2743970729725,1,0,2.834734581945389,normal
E0945,0,3751.3524086544244,4,0,1.833186372695127,normal
E0946,1,2269.6422629455924,10,0,1.32139955615061,normal
E0947,0,5340.525462868556,10,0,1.8175157027528448,normal
E0948,27,194533.81270631962,164,13,4.391052665976137,anomaly
E0949,0,4282.741618451614,8,0,1.5044351586138207,normal
E0950,0,3007.6231089205726,5,0,2.766624734173732,normal
E0951,0,3447.8403645909957,11,0,2.7225456671704533,normal
E0952,0,980.9541785920328,3,0,1.4454571416414432,normal
E0953,1,2285.5956715294337,11,0,2.2995665358766892,normal
E0954,0,5334.046380342623,9,1,2.8449860685537667,normal
E0955,1,5774.473427681178,4,0,2.609073143918104,normal
E0956,1,2318.3085324160756,3,0,1.2512772238817522,normal
E0957,0,2630.485960817539,6,0,2.074665691559395,normal
E0958,1,3062.2671388061817,1,0,2.296783690338465,normal
E0959,1,4716.623661790806,5,0,1.7404277753847692,normal
E0960,0,4927.508270841965,6,0,2.0637393921108695,normal
E0961,0,5008.7984818103905,4,0,1.258322079107952,normal
E0962,0,1914.712513832908,1,1,1.8282458914299287,normal
E0963,0,2910.219640165966,10,1,2.8639035778061457,normal
E0964,1,2958.6934066641397,9,0,1.9420821855901058,normal
E0965,0,2474.3942686549285,9,1,1.6398199221025704,normal
E0966,1,5663.897427884452,7,0,2.9106171600661668,normal
E0967,0,1749.9262791757117,5,0,2.0031548187713044,normal
E0968,0,5021.4567286860665,7,0,2.4477702192810336,normal
E0969,0,2909.9473360627903,7,1,2.3589252720365943,normal
E0970,0,4162.540514266749,7,0,1.7487929119007577,normal
E0971,1,2036.7308557720846,8,0,2.334828629117094,normal
E0972,0,4125.77206136117,11,0,1.6024406783624316,normal
E0973,0,2943.1200739371393,4,1,2.325519526620234,normal
E0974,1,4930.054005999831,8,0,2.822796064291646,normal
E0975,0,2236.476533007222,1,0,2.428119059718159,normal
E0976,0,3624.007137450489,3,0,1.0338886080773393,normal
E0977,1,2742.5071117764096,4,0,1.3568894590356286,normal
E0978,19,190382.9916987563,188,17,6.146226048527337,anomaly
E0979,0,953.0056054314831,9,0,2.859299725320958,normal
E0980,0,1822.5496155569435,1,0,2.8940569029180008,normal
E0981,0,4313.11089051722,3,1,1.2607972449597458,normal
E0982,0,1586.3994180778488,11,0,1.5304667847124929,normal
E0983,0,5750.449620401506,10,0,1.5993667563090477,normal
E0984,0,5382.838565509677,11,0,2.719649901015862,normal
E0985,0,2972.024442209357,4,0,1.0608715317923523,normal
E0986,0,3468.76794905349,3,0,2.4398376988957837,normal
E0987,16,396487.9098537881,106,23,4.956134022654689,anomaly
E0988,1,3119.204658622498,9,0,1.202397266713577,normal
E0989,0,2244.7950414096936,4,0,1.7836362099353382,normal
E0990,0,5876.9149572313645,3,0,2.406846370524451,normal
E0991,0,3447.857466358534,8,0,2.2354931440977914,normal
E0992,0,1691.9722934786932,2,0,2.4611764116725467,normal
E0993,0,4301.895159015185,3,0,1.583579181754768,normal
E0994,0,5236.161479741686,5,1,1.7885785029527312,normal
E0995,1,2091.8379974093737,9,0,1.409061063002122,normal
E0996,0,2536.6124387851855,7,1,1.809594002467828,normal
E0997,0,2051.699096348718,8,0,1.1165407673254168,normal
E0998,0,2485.9230640762676,4,0,1.3023770691302314,normal
E0999,1,1716.58258353158,9,0,2.7586577218859505,normal
